membership_id,name,first_name,last_name,date_of_birth,mobile_no,email,above_18
Vega91945,Jennifer Vega,Jennifer,Vega,19710307,66551251,Jennifer_Vega@jenkins.net,True
Wilson6845c,Aaron Wilson,Aaron,Wilson,19870517,75053391,Aaron_Wilson@burke-benton.net,True
Leed3d5c,Samuel Lee,Samuel,Lee,19740902,57636831,Samuel_Lee@gardner-rodriguez.net,True
Weaverfeb81,Jennifer Weaver,Jennifer,Weaver,19781015,74152151,Jennifer_Weaver@patterson.com,True
Ortega17e39,Mr. Timothy Ortega,Timothy,Ortega,19980104,59312963,Timothy_Ortega@ramos.com,True
Hamiltonf2276,Leonard Hamilton,Leonard,Hamilton,19880229,76082775,Leonard_Hamilton@brown.com,True
Phillips608c9,Kathy Phillips,Kathy,Phillips,19841216,57829247,Kathy_Phillips@floyd.com,True
Simmonscd946,Danny Simmons,Danny,Simmons,19631013,26313911,Danny_Simmons@morales.com,True
Jimenez5ed59,Jennifer Jimenez,Jennifer,Jimenez,19921121,59592559,Jennifer_Jimenez@morgan.com,True
Lopez7b621,Penny Lopez,Penny,Lopez,19540925,99596291,Penny_Lopez@young-huang.net,True
Lawson6d37f,Victoria Lawson,Victoria,Lawson,19540412,24045823,Victoria_Lawson@snyder.com,True
Martinezbc0fc,Michael Martinez,Michael,Martinez,19521107,40271975,Michael_Martinez@hogan.net,True
Sullivan61495,Samantha Sullivan,Samantha,Sullivan,19600423,64913455,Samantha_Sullivan@cunningham-williams.com,True
Jonesf903f,Dr. Paul Jones,Paul,Jones,19940215,91301999,Paul_Jones@clark-irwin.com,True
Tran40aaa,Danielle Tran,Danielle,Tran,19880826,85246679,Danielle_Tran@mann.com,True
Freeman35a3d,Jeff Freeman,Jeff,Freeman,20030520,13590655,Jeff_Freeman@guzman.com,True
Jonescdd9f,Marissa Jones,Marissa,Jones,19580806,32094119,Marissa_Jones@lewis.net,True
Roy57ef7,Elijah Roy,Elijah,Roy,19870705,57159015,Elijah_Roy@jones-baldwin.com,True
Simpson7383f,Courtney Simpson,Courtney,Simpson,19731103,77314887,Courtney_Simpson@preston-cantrell.com,True
Hopkins56d12,Kimberly Hopkins,Kimberly,Hopkins,19931022,67364511,Kimberly_Hopkins@adams.com,True
King4ae33,William King,William,King,19841115,21561215,William_King@cline-allen.com,True
Robertsone101e,Stephanie Robertson,Stephanie,Robertson,20020508,75259367,Stephanie_Robertson@owen-rodriguez.com,True
Hillbd6cc,Rickey Hill,Rickey,Hill,19640430,56465207,Rickey_Hill@parker-cohen.com,True
Stewart40f40,Erika Stewart,Erika,Stewart,19851226,83552695,Erika_Stewart@solis.com,True
Allenc7f06,Gregory Allen,Gregory,Allen,19780122,48871907,Gregory_Allen@stanley.net,True
Johnson5dcd5,Christina Johnson,Christina,Johnson,20010622,30262983,Christina_Johnson@clark.com,True
Wells5c2c0,Kelli Wells,Kelli,Wells,19540308,27406215,Kelli_Wells@jones.com,True
Archerc6232,Nathan Archer,Nathan,Archer,19560723,72954367,Nathan_Archer@gray.com,True
Kline6fe75,Michael Kline,Michael,Kline,19650623,20968343,Michael_Kline@phelps-alvarez.com,True
Rodriguez1eec6,Joshua Rodriguez,Joshua,Rodriguez,19530317,27953967,Joshua_Rodriguez@thornton-benitez.com,True
Rodrigueza7ea3,James Rodriguez,James,Rodriguez,19810717,50981423,James_Rodriguez@logan.com,True
Ortega7f647,Robert Ortega,Robert,Ortega,19600316,57040695,Robert_Ortega@perez.com,True
Ruize89df,Teresa Ruiz,Teresa,Ruiz,19510904,22432447,Teresa_Ruiz@holmes.com,True
Mejia10b0a,Madison Mejia,Madison,Mejia,19530323,73824679,Madison_Mejia@sims.com,True
Bailey6dd20,James Bailey,James,Bailey,19860710,26146743,James_Bailey@flynn.net,True
Perrye8625,Mary Perry,Mary,Perry,19730808,57879711,Mary_Perry@williams.net,True
Jones85733,Crystal Jones,Crystal,Jones,19620914,39588047,Crystal_Jones@webb.com,True
Brown9035e,Aaron Brown,Aaron,Brown,19860502,43815191,Aaron_Brown@yates.com,True
Contreras91010,Brian Contreras,Brian,Contreras,19650708,89794399,Brian_Contreras@hill.net,True
Barajasc09f8,Tanya Barajas,Tanya,Barajas,19740430,92793871,Tanya_Barajas@davis.com,True
Frostddfa1,Ashley Frost,Ashley,Frost,19521020,16473423,Ashley_Frost@brown-hill.com,True
Rasmussen0fcc4,Samantha Rasmussen,Samantha,Rasmussen,19940621,26634223,Samantha_Rasmussen@stokes-leon.com,True
Weberb3165,Erica Weber,Erica,Weber,19930809,20074939,Erica_Weber@harris-fox.com,True
Campbellfe47b,Amanda Campbell,Amanda,Campbell,19810324,21954431,Amanda_Campbell@parker.com,True
Martin92713,Vincent Martin,Vincent,Martin,19840124,55457087,Vincent_Martin@wright-lee.com,True
Crawforda2a35,Tony Crawford,Tony,Crawford,19870818,15997263,Tony_Crawford@moore.com,True
Sullivan7d828,Randy Sullivan,Randy,Sullivan,19611025,15665967,Randy_Sullivan@perez.net,True
Thompson5e06b,Kimberly Thompson,Kimberly,Thompson,20001112,88531623,Kimberly_Thompson@brewer-walters.net,True
Hopkinscfbfa,William Hopkins,William,Hopkins,20010104,12277875,William_Hopkins@snyder.com,True
Compton395a9,Martin Compton,Martin,Compton,19840602,42037887,Martin_Compton@morgan.com,True
Gross9a287,Anthony Gross,Anthony,Gross,19660423,92193723,Anthony_Gross@pratt.com,True
Brown8baf8,Tracy Brown,Tracy,Brown,19720823,26044711,Tracy_Brown@joyce.com,True
Stanleya95cd,James Stanley,James,Stanley,20011008,51351887,James_Stanley@beltran.com,True
Jenkinse5537,Norma Jenkins,Norma,Jenkins,19570323,78071863,Norma_Jenkins@larson.com,True
Prestonb78bc,Leslie Preston,Leslie,Preston,19721005,71892959,Leslie_Preston@johns.com,True
Valdezddc44,Crystal Valdez,Crystal,Valdez,20030802,65598575,Crystal_Valdez@stewart-randolph.com,True
Parker311d6,Jay Parker,Jay,Parker,19930930,57583783,Jay_Parker@fowler.net,True
Williams44d67,Lance Williams,Lance,Williams,19730807,19310567,Lance_Williams@williams.net,True
Taylor10cf5,Carl Taylor,Carl,Taylor,19750112,27075015,Carl_Taylor@melendez.com,True
Dean33bcc,Brenda Dean,Brenda,Dean,19690215,55037019,Brenda_Dean@allison-hill.com,True
Allenb02ca,Kathleen Allen,Kathleen,Allen,19860113,38829559,Kathleen_Allen@cook.com,True
Olsen98e22,Patricia Olsen,Patricia,Olsen,19981124,70673187,Patricia_Olsen@haynes-blankenship.com,True
Lamb5dc6d,Marie Lamb,Marie,Lamb,19790410,26841263,Marie_Lamb@hampton.com,True
Floresb1169,Nathan Flores,Nathan,Flores,19790904,86883135,Nathan_Flores@gibbs.net,True
Caldwellaa013,Ashley Caldwell,Ashley,Caldwell,19880903,13420663,Ashley_Caldwell@mason-bryant.com,True
Frank97c93,David Frank,David,Frank,19680928,31192639,David_Frank@reyes-thomas.com,True
Boyleb1a10,Heather Boyle,Heather,Boyle,20030301,91679575,Heather_Boyle@lopez.com,True
Martincaab2,Renee Martin,Renee,Martin,19810421,55803823,Renee_Martin@crawford-walker.com,True
Parker0793e,Keith Parker,Keith,Parker,19640826,40120471,Keith_Parker@moore.com,True
Blakeed155,Ernest Blake,Ernest,Blake,19990621,27155511,Ernest_Blake@long.com,True
Levybef91,Melissa Levy,Melissa,Levy,19500330,51842935,Melissa_Levy@arroyo.com,True
Powellfe4b6,Brandon Powell,Brandon,Powell,19760606,43375815,Brandon_Powell@craig-gonzales.net,True
Holloway485d0,Lisa Holloway MD,Lisa,Holloway,19720102,73751431,Lisa_Holloway@brown.com,True
Stone1d9aa,Kimberly Stone,Kimberly,Stone,19940512,25323999,Kimberly_Stone@murphy-bryant.com,True
Jones575ba,Adam Jones,Adam,Jones,19730316,55082935,Adam_Jones@ashley.com,True
Tucker0eb60,Richard Tucker,Richard,Tucker,19710625,53838335,Richard_Tucker@murphy.com,True
Andersen61066,Elizabeth Andersen,Elizabeth,Andersen,19740123,69096535,Elizabeth_Andersen@baker.com,True
Lutz6aa1c,Destiny Lutz,Destiny,Lutz,19941204,87853607,Destiny_Lutz@thompson-wright.com,True
Allen54dd1,Brandy Allen,Brandy,Allen,19810113,92130799,Brandy_Allen@hardy-griffin.com,True
Decker0c2ca,Stephanie Decker,Stephanie,Decker,19770905,92626639,Stephanie_Decker@barrett.net,True
Keller86f7a,Michelle Keller,Michelle,Keller,19510706,56139711,Michelle_Keller@johnson.com,True
Yatesd9866,Stacey Yates,Stacey,Yates,19920812,30115967,Stacey_Yates@lewis.com,True
Leef9df7,Sue Lee,Sue,Lee,19860829,97367575,Sue_Lee@rojas.com,True
Long850ab,Anna Long,Anna,Long,19740316,52566967,Anna_Long@coleman.com,True
Watson6dc0c,Annette Watson,Annette,Watson,19580423,67851175,Annette_Watson@brown-brennan.com,True
Perez6ff11,Robert Perez,Robert,Perez,19690528,38876643,Robert_Perez@anderson-shaw.net,True
Thomas6cc50,James Thomas,James,Thomas,19520509,58718239,James_Thomas@torres.net,True
Olson50aa7,Kelli Olson,Kelli,Olson,19960723,50265023,Kelli_Olson@campbell.net,True
Reid1bdd4,Becky Reid,Becky,Reid,19751027,37025287,Becky_Reid@vargas.net,True
Shawafe1c,Wesley Shaw,Wesley,Shaw,19830121,76819471,Wesley_Shaw@henderson-gibson.com,True
Boyd94bd7,Pamela Boyd,Pamela,Boyd,19680628,25030751,Pamela_Boyd@freeman.com,True
Lewis644d9,Jeremy Lewis,Jeremy,Lewis,19530107,44159519,Jeremy_Lewis@murray.com,True
Garzabe6d1,Jennifer Garza,Jennifer,Garza,19890603,31999455,Jennifer_Garza@herrera-klein.com,True
Wilson0ce7d,Larry Wilson,Larry,Wilson,19670221,56158527,Larry_Wilson@perry.com,True
Thompson9e058,Joshua Thompson,Joshua,Thompson,19840830,98999803,Joshua_Thompson@morrow.com,True
Williams874b3,Dennis Williams,Dennis,Williams,19661107,93993079,Dennis_Williams@rivas.com,True
Mortone4bde,Karen Morton,Karen,Morton,19910410,36838791,Karen_Morton@romero.com,True
Perryb530f,Joseph Perry,Joseph,Perry,19510616,16254071,Joseph_Perry@tucker.com,True
Herman0ab62,Heather Herman,Heather,Herman,19710606,97877423,Heather_Herman@williams-lindsey.com,True
Lopezea347,Laura Lopez,Laura,Lopez,19901221,72627367,Laura_Lopez@rodriguez.com,True
Webb5b693,Joel Webb,Joel,Webb,19891009,37839071,Joel_Webb@solis-swanson.com,True
Malone73ad1,Donna Malone,Donna,Malone,19521007,89038207,Donna_Malone@brown.com,True
Barnesf462c,Reginald Barnes,Reginald,Barnes,19730214,19884399,Reginald_Barnes@walker-robinson.com,True
House3cb13,Brett House,Brett,House,19841126,98114087,Brett_House@rose-clarke.com,True
Weaver201e1,Robert Weaver,Robert,Weaver,19820218,39131199,Robert_Weaver@young-leonard.com,True
Martinez204f4,Beth Martinez,Beth,Martinez,19681225,87909191,Beth_Martinez@johnson.com,True
Small09b68,Nicole Small,Nicole,Small,19570414,82553335,Nicole_Small@nolan-randall.com,True
Clined04f7,Anthony Cline,Anthony,Cline,19890125,64231171,Anthony_Cline@rivera-collier.net,True
Ware0b5e6,Spencer Ware,Spencer,Ware,19801009,74599951,Spencer_Ware@montgomery-lane.com,True
Erickson3df9d,Willie Erickson,Willie,Erickson,19910110,53673855,Willie_Erickson@bartlett.com,True
Nguyen6a5e7,Daniel Nguyen,Daniel,Nguyen,19590903,37673823,Daniel_Nguyen@mccall.com,True
Brown1d91b,Tiffany Brown,Tiffany,Brown,20030217,27755951,Tiffany_Brown@stout-thompson.com,True
Martinez7564a,Leonard Martinez,Leonard,Martinez,19560922,14452319,Leonard_Martinez@mcbride.com,True
Forbes60d80,Thomas Forbes,Thomas,Forbes,19591023,25036935,Thomas_Forbes@beck.com,True
Stephens5a6e3,Robert Stephens,Robert,Stephens,20000619,92784815,Robert_Stephens@lopez.com,True
Mayod6f2e,Kevin Mayo,Kevin,Mayo,19761029,76234311,Kevin_Mayo@pope-jones.com,True
Chen7d3b1,Daniel Chen,Daniel,Chen,19520716,46750383,Daniel_Chen@little.com,True
Dalton32ce4,Samuel Dalton,Samuel,Dalton,19960916,75194711,Samuel_Dalton@marquez.com,True
Bennettdcbc8,Heather Bennett,Heather,Bennett,20020105,64795847,Heather_Bennett@hamilton-blair.com,True
Kingf3369,Joshua King,Joshua,King,20000601,99342223,Joshua_King@hale.net,True
Moyer839f3,Randy Moyer,Randy,Moyer,20030617,32958939,Randy_Moyer@jennings-brown.com,True
Blakee7660,Crystal Blake,Crystal,Blake,19701117,97878511,Crystal_Blake@parker.com,True
Combs2d19f,Heather Combs,Heather,Combs,19590428,18518647,Heather_Combs@powell.com,True
Evans62a52,Amanda Evans,Amanda,Evans,19590224,92559519,Amanda_Evans@cox.com,True
Day69b70,Sergio Day,Sergio,Day,19510531,27091295,Sergio_Day@guzman-garrett.com,True
Boyd9e514,Julie Boyd,Julie,Boyd,19690906,47949079,Julie_Boyd@white-george.com,True
Barnesbc727,Tara Barnes,Tara,Barnes,19540801,42232079,Tara_Barnes@shepherd.com,True
Watkinsc9964,Logan Watkins,Logan,Watkins,20000511,87081215,Logan_Watkins@hernandez.com,True
Ortiz8f14e,Steven Ortiz,Steven,Ortiz,19670506,15073183,Steven_Ortiz@hamilton.com,True
Marquez7aa36,Lisa Marquez,Lisa,Marquez,19710326,18443671,Lisa_Marquez@day-smith.com,True
Hughes0c3d2,Sergio Hughes,Sergio,Hughes,19810309,86954943,Sergio_Hughes@cardenas.com,True
Rojas1f285,Destiny Rojas,Destiny,Rojas,19860121,27351983,Destiny_Rojas@stanton.com,True
Lewis07faf,Danny Lewis,Danny,Lewis,19521225,41036747,Danny_Lewis@turner.com,True
Martin82381,Jennifer Martin,Jennifer,Martin,19830527,83212175,Jennifer_Martin@moore.com,True
Chandler4ab75,Arthur Chandler,Arthur,Chandler,19610210,18438007,Arthur_Chandler@martin.com,True
Crosby9b4b3,Cheryl Crosby,Cheryl,Crosby,19580930,54032091,Cheryl_Crosby@bowman-potter.com,True
Hudson31f1d,Ronald Hudson,Ronald,Hudson,19510310,66192423,Ronald_Hudson@carson.com,True
Leef2321,Jennifer Lee,Jennifer,Lee,19500401,35305031,Jennifer_Lee@guerra-lopez.com,True
Yoder70108,Gregory Yoder,Gregory,Yoder,19530620,75705319,Gregory_Yoder@robinson-johnson.com,True
Harmon69598,Carolyn Harmon,Carolyn,Harmon,19980124,55977599,Carolyn_Harmon@watts-horn.com,True
Harrell7257b,Dr. Christopher Harrell,Christopher,Harrell,19700630,52999479,Christopher_Harrell@lindsey.com,True
Johnsona67f3,Kevin Johnson,Kevin,Johnson,19930802,15154639,Kevin_Johnson@rogers.com,True
Harrison087c8,Michael Harrison,Michael,Harrison,19510819,29087871,Michael_Harrison@franklin.com,True
Moorec62aa,Terry Moore,Terry,Moore,19870615,19828167,Terry_Moore@barker-ayers.com,True
Rogers656af,James Rogers,James,Rogers,19930704,65821255,James_Rogers@green.net,True
Tranb0eca,Kathleen Tran,Kathleen,Tran,19740211,20044927,Kathleen_Tran@wilson.net,True
Conwayae427,Jacqueline Conway,Jacqueline,Conway,19710617,91842383,Jacqueline_Conway@robinson-carson.com,True
Clark35061,Chad Clark,Chad,Clark,19610919,54277383,Chad_Clark@hodges.com,True
Cole92aa4,Maxwell Cole,Maxwell,Cole,19510203,41796463,Maxwell_Cole@larson.com,True
Williamson2b72a,Bethany Williamson,Bethany,Williamson,19540310,40227935,Bethany_Williamson@flores.com,True
Wrightf1b73,Joseph Wright,Joseph,Wright,19570521,40768583,Joseph_Wright@powell.net,True
Rogers3818b,Thomas Rogers,Thomas,Rogers,19970819,36072875,Thomas_Rogers@banks-perkins.net,True
Lewis11948,Jenny Lewis,Jenny,Lewis,19970706,62475987,Jenny_Lewis@flores.com,True
Bolton06e0a,Heidi Bolton,Heidi,Bolton,19560616,58079023,Heidi_Bolton@spencer.com,True
Lewise0082,Daniel Lewis,Daniel,Lewis,19770205,48084439,Daniel_Lewis@robertson.com,True
Ramirez63293,Dale Ramirez,Dale,Ramirez,19550323,59875791,Dale_Ramirez@patton.com,True
Sharp19bdd,Carol Sharp,Carol,Sharp,19751203,18014567,Carol_Sharp@garcia-lamb.com,True
Buck542b9,Joseph Buck,Joseph,Buck,19520311,34270063,Joseph_Buck@jacobs.com,True
Anderson542fb,Lynn Anderson,Lynn,Anderson,19960113,75488911,Lynn_Anderson@williams-carter.com,True
Andrewsbbb39,Emily Andrews,Emily,Andrews,19550427,20594859,Emily_Andrews@reyes-singh.com,True
Harris526ca,Sarah Harris,Sarah,Harris,20010530,52442775,Sarah_Harris@thomas-sanchez.com,True
Owens620f1,Victor Owens,Victor,Owens,19960815,53064383,Victor_Owens@collins.com,True
Koch43971,Kimberly Koch,Kimberly,Koch,19870125,35893839,Kimberly_Koch@rodriguez.net,True
Obrien00e34,Allison Obrien,Allison,Obrien,19620423,81154631,Allison_Obrien@bailey-sanders.com,True
Rogers83dc9,John Rogers,John,Rogers,19710509,21046575,John_Rogers@oneill.com,True
Bailey13f67,Laura Bailey,Laura,Bailey,19700811,56551543,Laura_Bailey@snyder.com,True
Collins120bd,Janet Collins,Janet,Collins,19840721,89424095,Janet_Collins@farrell.com,True
Lawsona0aec,Kristin Lawson,Kristin,Lawson,19761101,36661711,Kristin_Lawson@salinas.com,True
Castaneda7660a,James Castaneda,James,Castaneda,19640126,64715807,James_Castaneda@miller-hart.com,True
Middleton02dfc,Michael Middleton,Michael,Middleton,19810804,85114431,Michael_Middleton@williams-zamora.com,True
Ortiz66abd,Robert Ortiz,Robert,Ortiz,19761108,80296223,Robert_Ortiz@saunders-hunter.com,True
Harper709ac,Connie Harper,Connie,Harper,19950627,21369119,Connie_Harper@lewis.com,True
Burnsf2b3a,Debbie Burns,Debbie,Burns,19830806,95570935,Debbie_Burns@salinas.com,True
Prestonb6298,Gabriel Preston,Gabriel,Preston,19961120,88336263,Gabriel_Preston@black.com,True
Hodges0c95a,Steven Hodges,Steven,Hodges,19510903,65795715,Steven_Hodges@sanchez-phillips.com,True
Orozco02d2b,Brandon Orozco,Brandon,Orozco,19870717,59988495,Brandon_Orozco@greene.com,True
Nguyen6f546,Kari Nguyen,Kari,Nguyen,19991119,47980591,Kari_Nguyen@farley.com,True
Hill2c87a,Brittany Hill,Brittany,Hill,19870605,90817791,Brittany_Hill@rogers-hoffman.com,True
Martineza7c33,Carrie Martinez,Carrie,Martinez,19740124,96107743,Carrie_Martinez@hendrix.com,True
Hille24f9,Jeffery Hill,Jeffery,Hill,19591223,26071551,Jeffery_Hill@cook-lloyd.com,True
Whitee9960,Linda White,Linda,White,19751015,84876711,Linda_White@moore.com,True
Spencerc21d7,Jake Spencer,Jake,Spencer,20020509,53533879,Jake_Spencer@murphy.com,True
Chanf9d1e,Joseph Chan,Joseph,Chan,19660922,19544079,Joseph_Chan@hutchinson-gutierrez.com,True
Dominguez40133,Sara Dominguez,Sara,Dominguez,19860220,69114407,Sara_Dominguez@delgado.com,True
Alia2746,Kathleen Ali,Kathleen,Ali,19960602,45338687,Kathleen_Ali@horn-rogers.com,True
Stephensbaaae,Danielle Stephens,Danielle,Stephens,19610929,16838823,Danielle_Stephens@miller.net,True
Wolfdbc29,Ann Wolf,Ann,Wolf,19801112,26916187,Ann_Wolf@wilkins.com,True
Schaeferff120,Brianna Schaefer,Brianna,Schaefer,19760312,34700887,Brianna_Schaefer@nelson-mcmahon.com,True
Morrisd143a,Angela Morris,Angela,Morris,19760207,89409391,Angela_Morris@murray.com,True
Kelleyf3101,Cristian Kelley,Cristian,Kelley,19510108,22272647,Cristian_Kelley@taylor-colon.net,True
Turnera2281,Jeffrey Turner,Jeffrey,Turner,19840112,30152387,Jeffrey_Turner@robinson.com,True
Perry1c3c6,Jesse Perry,Jesse,Perry,19691013,45471479,Jesse_Perry@marsh.net,True
Cruz7bf56,Ricardo Cruz,Ricardo,Cruz,19780205,83436279,Ricardo_Cruz@salazar-manning.com,True
Smith69b70,Jessica Smith,Jessica,Smith,19510531,97984639,Jessica_Smith@walsh-steele.com,True
Longf0fca,Brenda Long,Brenda,Long,19510914,45992583,Brenda_Long@carter.net,True
Taylor7a3e1,Megan Taylor,Megan,Taylor,19931005,12610975,Megan_Taylor@montgomery.com,True
Morales3cabc,Kelly Morales,Kelly,Morales,19800227,44799815,Kelly_Morales@sanchez.com,True
Johnson5c594,Sheri Johnson,Sheri,Johnson,19880422,34118127,Sheri_Johnson@lucas.com,True
Pacheco7ccf5,Lori Pacheco,Lori,Pacheco,19620630,94662495,Lori_Pacheco@ayala.com,True
Schmidtbe25c,Sandra Schmidt,Sandra,Schmidt,19590711,50638143,Sandra_Schmidt@herrera.com,True
Hillbc827,Ms. Rachel Hill,Rachel,Hill,19540212,55824367,Rachel_Hill@gutierrez.com,True
Case1fe51,Emily Case,Emily,Case,19850508,90216215,Emily_Case@lewis.com,True
Alvarezf00bd,Seth Alvarez,Seth,Alvarez,19800801,90929927,Seth_Alvarez@conrad.com,True
Reyes0a636,Jose Reyes,Jose,Reyes,19700929,94563263,Jose_Reyes@garcia.com,True
Le44e84,Zachary Le,Zachary,Le,19851028,56441999,Zachary_Le@whitaker.com,True
Anthony91ec3,Rhonda Anthony,Rhonda,Anthony,19740915,12850551,Rhonda_Anthony@lawson.com,True
Hill0d4d9,Joseph Hill,Joseph,Hill,20020923,89902687,Joseph_Hill@rodriguez-newton.com,True
Davisdbcb2,Erin Davis,Erin,Davis,19600917,22992863,Erin_Davis@sanchez.net,True
Brown1ebf8,Lucas Brown,Lucas,Brown,19891101,34675679,Lucas_Brown@miller.com,True
Garcia72e9b,William Garcia,William,Garcia,19850912,25729991,William_Garcia@powell.com,True
Swansonb3ea5,Lauren Swanson,Lauren,Swanson,19610921,85204407,Lauren_Swanson@pena-pierce.com,True
Frank4dfb9,John Frank,John,Frank,19500519,42691023,John_Frank@martin.com,True
Perryd9da1,Tony Perry,Tony,Perry,19730910,11231827,Tony_Perry@lewis-holland.com,True
Schmidt54bf2,Nicole Schmidt,Nicole,Schmidt,19651109,86157423,Nicole_Schmidt@stephens.com,True
Gray15cd6,Nathan Gray,Nathan,Gray,19960618,48983767,Nathan_Gray@scott-gonzalez.com,True
Delgadof68ba,Nichole Delgado,Nichole,Delgado,19720305,60338223,Nichole_Delgado@dixon-cruz.com,True
Ford36701,Raven Ford,Raven,Ford,19960213,13519207,Raven_Ford@mcdowell.com,True
Rodriguez3a35b,Marcus Rodriguez,Marcus,Rodriguez,19690511,23424599,Marcus_Rodriguez@jones.com,True
Grimes2efc5,Daniel Grimes,Daniel,Grimes,19821126,61518103,Daniel_Grimes@keith.com,True
Solomon23bae,Samuel Solomon,Samuel,Solomon,19871230,26166751,Samuel_Solomon@wolf.net,True
Miller5c2c0,Katrina Miller,Katrina,Miller,19540308,81240247,Katrina_Miller@grimes.com,True
Conner71970,Raymond Conner,Raymond,Conner,19970128,95736583,Raymond_Conner@oneal-johnson.com,True
Garcia14ae7,Cory Garcia,Cory,Garcia,19550202,86555943,Cory_Garcia@evans-benson.com,True
Fuller9068b,Lori Fuller,Lori,Fuller,19680101,54288255,Lori_Fuller@gordon.com,True
Wilsonda57e,Corey Wilson,Corey,Wilson,19531011,39467535,Corey_Wilson@hoover-hernandez.com,True
Dominguezdb12a,Denise Dominguez,Denise,Dominguez,19660628,28235547,Denise_Dominguez@long.com,True
Jamese7a3a,Holly James,Holly,James,19641104,62732175,Holly_James@macdonald.com,True
Mccartya4b9d,Alicia Mccarty,Alicia,Mccarty,19820916,57669519,Alicia_Mccarty@beasley.com,True
Christian90eb3,Zoe Christian,Zoe,Christian,19990319,22170983,Zoe_Christian@grant.com,True
Watson61db6,Nicholas Watson,Nicholas,Watson,19620403,72181751,Nicholas_Watson@williams.com,True
Ruiz956d3,Mrs. Shirley Ruiz,Shirley,Ruiz,19720812,23759691,Shirley_Ruiz@house-gay.com,True
Wood67f27,Victoria Wood,Victoria,Wood,19910622,13955959,Victoria_Wood@proctor-baker.com,True
Knight10192,Jillian Knight,Jillian,Knight,19881108,20417711,Jillian_Knight@davenport.com,True
Fisher27703,Ryan Fisher,Ryan,Fisher,19871030,63505855,Ryan_Fisher@fletcher.com,True
Howe80a05,Stephanie Howe,Stephanie,Howe,19630509,37283343,Stephanie_Howe@allen.com,True
Kimc0e4a,Kenneth Kim,Kenneth,Kim,19990505,37818767,Kenneth_Kim@duran.com,True
Maciasa4116,Andrew Macias,Andrew,Macias,19661013,28232535,Andrew_Macias@douglas.com,True
Jackson89ce6,Lisa Jackson,Lisa,Jackson,19730114,82393203,Lisa_Jackson@morton-lowe.com,True
Huffmanfb25a,Elizabeth Huffman,Elizabeth,Huffman,19580918,15486151,Elizabeth_Huffman@zamora.com,True
Stone9ab9f,Christina Stone,Christina,Stone,19930320,34449775,Christina_Stone@medina.com,True
Mata53cfc,Miranda Mata,Miranda,Mata,19930124,61632395,Miranda_Mata@martin.com,True
Merritt696fd,Alexander Merritt,Alexander,Merritt,19800913,33574735,Alexander_Merritt@butler.net,True
Alexander12438,Austin Alexander,Austin,Alexander,19950418,12638703,Austin_Alexander@ortiz.com,True
Sanderse9c2f,Kelly Sanders,Kelly,Sanders,19520413,29703695,Kelly_Sanders@coleman.com,True
Jonesfae51,Matthew Jones,Matthew,Jones,20000615,98616991,Matthew_Jones@arnold.com,True
Juarezab899,Donna Juarez,Donna,Juarez,19550612,60313867,Donna_Juarez@sanders-briggs.com,True
David39e9f,Sarah David,Sarah,David,19981216,97218247,Sarah_David@collier.net,True
Barajas62836,Carmen Barajas,Carmen,Barajas,19810526,34685455,Carmen_Barajas@smith.com,True
Johnson5dcba,Angela Johnson,Angela,Johnson,19840827,62439103,Angela_Johnson@stewart.com,True
Sparksa67f3,Melissa Sparks,Melissa,Sparks,19930802,27530863,Melissa_Sparks@sanchez-stevenson.com,True
Serranoc59d5,Rebecca Serrano,Rebecca,Serrano,19650726,48396631,Rebecca_Serrano@martin.com,True
Hille971e,Katherine Hill,Katherine,Hill,19830918,37709951,Katherine_Hill@tran.com,True
Hart3b264,Kristin Hart,Kristin,Hart,19661217,36255543,Kristin_Hart@ortega.com,True
Ho73551,Jacqueline Ho,Jacqueline,Ho,19610131,75359367,Jacqueline_Ho@henry.com,True
Rodriguezc3743,Tyler Rodriguez,Tyler,Rodriguez,19691123,38316039,Tyler_Rodriguez@nelson.com,True
Knightd46f2,Michael Knight,Michael,Knight,19870804,71412263,Michael_Knight@davidson.com,True
Arroyo44022,Heather Arroyo,Heather,Arroyo,19790709,36165719,Heather_Arroyo@martinez.com,True
Larson06714,Lori Larson,Lori,Larson,19630807,38397103,Lori_Larson@flowers.com,True
Lopezb6ee8,Lindsay Lopez,Lindsay,Lopez,19820123,62519943,Lindsay_Lopez@foster.net,True
Vazquez73e4f,David Vazquez,David,Vazquez,19901206,57160871,David_Vazquez@davila-beck.com,True
Salazarcf1ae,Karen Salazar,Karen,Salazar,19950502,89394439,Karen_Salazar@wu-cohen.com,True
Hicks5e5f2,Sherry Hicks,Sherry,Hicks,19611127,12514111,Sherry_Hicks@stout-nicholson.com,True
Davila1977b,Sarah Davila,Sarah,Davila,19790906,46685303,Sarah_Davila@nash.com,True
Oneill7278c,Karen Oneill,Karen,Oneill,19921004,72265879,Karen_Oneill@gomez.com,True
Millsf511a,Nicholas Mills,Nicholas,Mills,19631001,68844231,Nicholas_Mills@williams.com,True
Hulld0117,Kim Hull,Kim,Hull,20030619,69198923,Kim_Hull@king.com,True
Montgomery1a334,Jennifer Montgomery,Jennifer,Montgomery,19710715,53834071,Jennifer_Montgomery@estrada-cole.com,True
Bailey13beb,Cynthia Bailey,Cynthia,Bailey,19790825,48942719,Cynthia_Bailey@oneill.com,True
Wrightfefcf,John Wright,John,Wright,19831019,96650335,John_Wright@harris.com,True
Millerd6676,Kelsey Miller,Kelsey,Miller,19781107,45676055,Kelsey_Miller@anderson-green.com,True
Brown565a7,Sheila Brown,Sheila,Brown,19821128,32490999,Sheila_Brown@stevens-edwards.com,True
Moorea6529,Lisa Moore,Lisa,Moore,19941119,99493567,Lisa_Moore@ramos.com,True
Haynesdd4da,Brianna Haynes,Brianna,Haynes,19980401,12153303,Brianna_Haynes@garcia.com,True
Newman15a27,Julian Newman,Julian,Newman,19580313,49873159,Julian_Newman@haynes.com,True
Fergusonfb458,Thomas Ferguson,Thomas,Ferguson,19591213,28787319,Thomas_Ferguson@guzman.com,True
Swanson0be9c,David Swanson,David,Swanson,20021220,16753799,David_Swanson@gregory.com,True
Dyer7b5ce,Kathryn Dyer,Kathryn,Dyer,19591210,57873103,Kathryn_Dyer@walker.com,True
Rodrigueza9b99,Lauren Rodriguez,Lauren,Rodriguez,19931016,27106623,Lauren_Rodriguez@soto.com,True
Rodriguezf1303,Jeffrey Rodriguez,Jeffrey,Rodriguez,19900331,56472143,Jeffrey_Rodriguez@trujillo.com,True
Anderson76323,Richard Anderson,Richard,Anderson,19580706,66751511,Richard_Anderson@white.com,True
Huynh1735e,Andrea Huynh,Andrea,Huynh,19890929,26799851,Andrea_Huynh@dixon-smith.com,True
Allen013af,Brian Allen,Brian,Allen,19560101,93233303,Brian_Allen@conway.com,True
Peck723a2,Jacqueline Peck,Jacqueline,Peck,19590210,60512219,Jacqueline_Peck@smith-miller.com,True
Lee7f12f,Jessica Lee,Jessica,Lee,19670124,89410823,Jessica_Lee@brown-baxter.com,True
Allen7a4f2,Martin Allen,Martin,Allen,20020924,99969439,Martin_Allen@steele.com,True
Mcdaniel50061,Jason Mcdaniel,Jason,Mcdaniel,19650403,68591887,Jason_Mcdaniel@wood.com,True
Mitchell06d3f,Angela Mitchell,Angela,Mitchell,19690105,50190223,Angela_Mitchell@moreno-evans.com,True
Sanchez9f266,Derrick Sanchez,Derrick,Sanchez,19700424,97980535,Derrick_Sanchez@mitchell.com,True
Ellisb9ff0,Christine Ellis,Christine,Ellis,19980617,69393823,Christine_Ellis@blackwell.com,True
Salinas4cb46,Alyssa Salinas,Alyssa,Salinas,19981007,41363847,Alyssa_Salinas@robbins.com,True
Walsh8cd29,Mr. Kevin Walsh,Kevin,Walsh,19920805,63251375,Kevin_Walsh@hamilton.net,True
Danielsc934d,Stuart Daniels,Stuart,Daniels,20020317,38551603,Stuart_Daniels@castro.com,True
Knoxd64ed,Kenneth Knox,Kenneth,Knox,19990626,47904991,Kenneth_Knox@zamora.com,True
Mitchell1bdd4,Steve Mitchell,Steve,Mitchell,19751027,98789479,Steve_Mitchell@adkins-russell.com,True
Hendricksa352c,Craig Hendricks,Craig,Hendricks,19951018,51721063,Craig_Hendricks@garcia-higgins.com,True
Kerra02d8,Ricky Kerr,Ricky,Kerr,19510625,43238807,Ricky_Kerr@gonzalez-martinez.com,True
Aguilard3661,Gloria Aguilar,Gloria,Aguilar,19690606,69773231,Gloria_Aguilar@dorsey-donaldson.com,True
Hall0bc14,Mr. Gerald Hall PhD,Gerald,Hall,19711007,53954823,Gerald_Hall@kim-chapman.com,True
Knight7e064,Alexander Knight,Alexander,Knight,19740812,41639975,Alexander_Knight@doyle.com,True
Cross36c08,Joseph Cross,Joseph,Cross,19530126,35750023,Joseph_Cross@mason-shaw.net,True
Myers1466d,Dr. Joel Myers PhD,Joel,Myers,19720920,49665991,Joel_Myers@smith-willis.net,True
Mckee92c0e,Michael Mckee,Michael,Mckee,20000917,87409327,Michael_Mckee@gordon.com,True
Parka639e,Roy Park,Roy,Park,19551029,69451423,Roy_Park@rodriguez-west.com,True
Castro49d90,Jonathan Castro,Jonathan,Castro,19700409,95059239,Jonathan_Castro@sandoval.com,True
Carroll78391,Richard Carroll,Richard,Carroll,19610526,61422551,Richard_Carroll@massey-gardner.com,True
Fletchere6fff,Michelle Fletcher,Michelle,Fletcher,19831024,15665159,Michelle_Fletcher@anderson.com,True
Murphyecd95,Carol Murphy,Carol,Murphy,19640317,54241135,Carol_Murphy@lowe.com,True
Russell203e4,Michael Russell,Michael,Russell,19680308,24280095,Michael_Russell@orozco.com,True
Andrews776f9,Shawna Andrews,Shawna,Andrews,19981115,12022295,Shawna_Andrews@freeman.com,True
Hernandez3d7b1,Dana Hernandez,Dana,Hernandez,19940126,50236391,Dana_Hernandez@jackson.com,True
Harrise20bd,Lauren Harris,Lauren,Harris,19780811,42605007,Lauren_Harris@long.com,True
Morales867f3,Sean Morales,Sean,Morales,20030920,50605207,Sean_Morales@molina.com,True
Dennis14df3,Andrea Dennis,Andrea,Dennis,19570926,17153399,Andrea_Dennis@smith-goodman.com,True
Mendozafa60d,John Mendoza,John,Mendoza,19850519,85845135,John_Mendoza@mahoney.com,True
Kruegerb37c9,Jeremy Krueger,Jeremy,Krueger,19830715,37358751,Jeremy_Krueger@haley.com,True
Mcdaniel4de3f,Sierra Mcdaniel,Sierra,Mcdaniel,20030713,77274903,Sierra_Mcdaniel@mata.com,True
Smith85c0b,Wendy Smith,Wendy,Smith,19700128,60349279,Wendy_Smith@smith-webb.com,True
Diaz0bd1d,Leslie Diaz,Leslie,Diaz,19570430,57506727,Leslie_Diaz@thomas-shelton.com,True
Snyderd3f05,Grant Snyder,Grant,Snyder,19731031,23872143,Grant_Snyder@gonzales.com,True
Jenkins27fe6,Brandi Jenkins,Brandi,Jenkins,19651228,79308567,Brandi_Jenkins@miller.com,True
Haynes18bc2,Amy Haynes,Amy,Haynes,19600314,41563455,Amy_Haynes@levy.com,True
Robertsd606a,John Roberts,John,Roberts,19540315,16513279,John_Roberts@hendricks.com,True
Nelsonfde1d,Carrie Nelson,Carrie,Nelson,19510609,49242255,Carrie_Nelson@archer-murphy.com,True
Hoodbb6b9,Jacob Hood,Jacob,Hood,19560208,24204143,Jacob_Hood@evans.com,True
Charles02485,Tracy Charles,Tracy,Charles,19931108,62200511,Tracy_Charles@rowe.com,True
Miller28ba0,Heather Miller,Heather,Miller,19530128,37035727,Heather_Miller@taylor.net,True
Johnson56e3d,Brandon Johnson,Brandon,Johnson,19850310,60862935,Brandon_Johnson@ramirez.com,True
Cooka5121,Kevin Cook,Kevin,Cook,19780913,71239915,Kevin_Cook@cox-stewart.com,True
Lane24958,Derrick Lane,Derrick,Lane,19890916,65837219,Derrick_Lane@yates.com,True
Nelsonf7fc3,Wendy Nelson,Wendy,Nelson,19650108,59119063,Wendy_Nelson@day.com,True
Ramsey843ef,Jasmine Ramsey,Jasmine,Ramsey,19500407,16447279,Jasmine_Ramsey@jackson.com,True
Beltranb42ac,William Beltran,William,Beltran,19850313,16495975,William_Beltran@bean.com,True
Jefferson84127,Albert Jefferson,Albert,Jefferson,19841117,32919607,Albert_Jefferson@diaz-bailey.com,True
Ferguson8004f,Jessica Ferguson,Jessica,Ferguson,19670129,78033235,Jessica_Ferguson@young.com,True
Stuart08df4,Gerald Stuart,Gerald,Stuart,19951008,98421991,Gerald_Stuart@strong.net,True
Vaughan40056,Jacob Vaughan,Jacob,Vaughan,19830908,69615007,Jacob_Vaughan@martinez.com,True
Fuentes0598c,Matthew Fuentes,Matthew,Fuentes,19660329,33411447,Matthew_Fuentes@miranda.com,True
Carpenter4acee,April Carpenter,April,Carpenter,19710929,97274415,April_Carpenter@page.com,True
Garciad383b,Rachel Garcia,Rachel,Garcia,19961021,87786127,Rachel_Garcia@neal.com,True
Maddend8100,Patrick Madden,Patrick,Madden,19941101,35389647,Patrick_Madden@sanders.com,True
Myers96365,Angela Myers,Angela,Myers,19740126,59457063,Angela_Myers@rodriguez.com,True
Baker726e6,Wayne Baker,Wayne,Baker,19671227,92067207,Wayne_Baker@brown.com,True
Coxc2d50,Haley Cox,Haley,Cox,19641001,27911351,Haley_Cox@lewis.com,True
Sanders65a5d,Dan Sanders,Dan,Sanders,19500813,30043759,Dan_Sanders@klein-hernandez.com,True
Boyle7540a,Timothy Boyle,Timothy,Boyle,19840608,49033195,Timothy_Boyle@roach.net,True
Fishercd40a,Thomas Fisher,Thomas,Fisher,19850415,99090999,Thomas_Fisher@phillips.com,True
Lopezd2a7d,Taylor Lopez,Taylor,Lopez,19570522,17889439,Taylor_Lopez@jones-salazar.com,True
Ortizfed1f,Cynthia Ortiz MD,Cynthia,Ortiz,19590706,91591279,Cynthia_Ortiz@mathis.com,True
Maciasb438f,Jeffrey Macias,Jeffrey,Macias,19901003,98485783,Jeffrey_Macias@cox.com,True
Drakea32f0,Brian Drake,Brian,Drake,19620211,83466007,Brian_Drake@hurst-price.net,True
Austin69ddb,Anna Austin,Anna,Austin,19991122,83758091,Anna_Austin@mcguire.com,True
Clarkb1291,Joel Clark,Joel,Clark,19580712,65159231,Joel_Clark@mcclain.com,True
Olson4c0a6,Deborah Olson,Deborah,Olson,19570805,92118339,Deborah_Olson@greene.com,True
Love01195,Michael Love,Michael,Love,20020321,41033095,Michael_Love@rodriguez-martinez.net,True
Jordan26d57,Timothy Jordan,Timothy,Jordan,19991228,77411263,Timothy_Jordan@young.com,True
Leblanc25e89,Kathy Leblanc,Kathy,Leblanc,19810227,69067343,Kathy_Leblanc@warren-gray.com,True
Floydee7c0,William Floyd,William,Floyd,19720713,27758191,William_Floyd@duran.com,True
Hayden44dbe,Angela Hayden,Angela,Hayden,19960623,28574351,Angela_Hayden@barry.net,True
Hodgesc3205,Renee Hodges,Renee,Hodges,19871228,63899519,Renee_Hodges@hamilton.com,True
Millerb1a7b,Samantha Miller,Samantha,Miller,19650406,41451647,Samantha_Miller@mcmahon.com,True
Orozco32e5d,Lauren Orozco,Lauren,Orozco,20000126,71540231,Lauren_Orozco@sanchez.com,True
Johnsbd350,Destiny Johns,Destiny,Johns,19731201,89233575,Destiny_Johns@hayes.com,True
Davisd9ba6,Jennifer Davis,Jennifer,Davis,19931018,72513603,Jennifer_Davis@nguyen.com,True
Owen1c1c8,April Owen,April,Owen,19670923,16552967,April_Owen@sanchez.com,True
Russelleeae9,Mr. Evan Russell,Evan,Russell,19590120,75209343,Evan_Russell@ferguson.net,True
Cruza019e,Jordan Cruz,Jordan,Cruz,19580323,42355435,Jordan_Cruz@clark-dickerson.com,True
Castaneda1e9a5,Brent Castaneda,Brent,Castaneda,19580307,80875871,Brent_Castaneda@garcia.com,True
Peters62c2d,Gregory Peters,Gregory,Peters,19900902,78256247,Gregory_Peters@ray.net,True
Malone82057,Jason Malone,Jason,Malone,19550503,47278299,Jason_Malone@allen.com,True
Salazar8a391,Matthew Salazar,Matthew,Salazar,19991211,50895327,Matthew_Salazar@jones-jones.com,True
Morrised007,Martin Morris,Martin,Morris,19930810,47193651,Martin_Morris@garcia.com,True
Martinezfa7cb,Natasha Martinez,Natasha,Martinez,19680418,55194439,Natasha_Martinez@west.com,True
Powell89e26,Charles Powell,Charles,Powell,19970906,47215879,Charles_Powell@knight.com,True
Powellc3379,Brian Powell,Brian,Powell,19591115,67153775,Brian_Powell@hernandez.com,True
Sandoval6592d,Laura Sandoval,Laura,Sandoval,19860913,17475623,Laura_Sandoval@brown.com,True
Gonzalezbc4a4,Mr. Charles Gonzalez,Charles,Gonzalez,19710404,94465511,Charles_Gonzalez@navarro.com,True
Caldwell92d76,Nicholas Caldwell,Nicholas,Caldwell,19770714,42525999,Nicholas_Caldwell@hurley-bass.com,True
Wyattac546,Brian Wyatt,Brian,Wyatt,19581211,63631399,Brian_Wyatt@wright-young.com,True
Garciaa540e,Ryan Garcia,Ryan,Garcia,19930815,26856535,Ryan_Garcia@vazquez-wells.com,True
Andersona86c0,Megan Anderson,Megan,Anderson,19700729,21736903,Megan_Anderson@wilson-murillo.com,True
Hughes5403f,Pamela Hughes,Pamela,Hughes,19870613,40181295,Pamela_Hughes@charles-costa.com,True
Scottaf31d,Tiffany Scott,Tiffany,Scott,19861110,76272207,Tiffany_Scott@davis.com,True
Conwayb17c3,Stanley Conway,Stanley,Conway,19850905,71853567,Stanley_Conway@adams.com,True
Petty89b4f,Yolanda Petty,Yolanda,Petty,19910125,69674519,Yolanda_Petty@dunlap-brown.com,True
Oneal1a34f,Emily Oneal,Emily,Oneal,19580118,49152079,Emily_Oneal@gutierrez.com,True
Jones7290c,Tara Jones,Tara,Jones,19850303,49275455,Tara_Jones@blankenship.net,True
Cohen0fcc4,Christine Cohen,Christine,Cohen,19940621,80232231,Christine_Cohen@rich-bell.com,True
Gutierrez8e2f3,Daniel Gutierrez,Daniel,Gutierrez,19571103,93799931,Daniel_Gutierrez@santana-bryan.com,True
Williamsc20d3,George Williams,George,Williams,19810319,69991287,George_Williams@patton.com,True
Allen8c000,Lori Allen,Lori,Allen,20020916,28175727,Lori_Allen@valdez-phillips.com,True
Kelly0c61d,Charles Kelly,Charles,Kelly,19690401,62777351,Charles_Kelly@dalton.com,True
Villa19bdd,Jonathan Villa,Jonathan,Villa,19751203,80471287,Jonathan_Villa@suarez.com,True
Jackson40b1b,Cindy Jackson,Cindy,Jackson,19670727,60954247,Cindy_Jackson@garcia-burch.com,True
Williams09feb,Scott Williams,Scott,Williams,19800803,85799255,Scott_Williams@keller-wong.com,True
Hernandez04544,Dylan Hernandez,Dylan,Hernandez,19950301,31405951,Dylan_Hernandez@singleton-johnson.com,True
Garcia6967c,Michelle Garcia,Michelle,Garcia,19801017,52895823,Michelle_Garcia@lynch.com,True
Bailey255ab,Matthew Bailey,Matthew,Bailey,19870728,39436023,Matthew_Bailey@benjamin.com,True
Edwardse7bbf,Kristin Edwards,Kristin,Edwards,19820603,22435107,Kristin_Edwards@short.com,True
Kirk079a3,Kristen Kirk,Kristen,Kirk,19590823,97993751,Kristen_Kirk@ayers.com,True
Carrillod036e,Ruth Carrillo,Ruth,Carrillo,19790905,43751451,Ruth_Carrillo@paul.com,True
Stephensondd890,Jacob Stephenson,Jacob,Stephenson,19541111,75359427,Jacob_Stephenson@larson-stevenson.net,True
Flynn066c3,Curtis Flynn,Curtis,Flynn,19780926,58787463,Curtis_Flynn@cook-drake.com,True
Perez7a5c3,Thomas Perez,Thomas,Perez,19630220,96377439,Thomas_Perez@greene-lopez.com,True
Klinee724e,Sheri Kline,Sheri,Kline,19940609,33546343,Sheri_Kline@hinton.com,True
Baker4cd37,Mr. Jeff Baker,Jeff,Baker,19670424,57871767,Jeff_Baker@bentley.com,True
Powelld1cfb,William Powell,William,Powell,19670721,71832243,William_Powell@harrell.com,True
Thomas2a3b9,Shannon Thomas,Shannon,Thomas,19680903,18892279,Shannon_Thomas@dawson-alexander.com,True
Murray8d3f7,Jeffrey Murray,Jeffrey,Murray,19821221,27473887,Jeffrey_Murray@jones.net,True
Jackson5ae26,Carla Jackson,Carla,Jackson,19940715,44275151,Carla_Jackson@morris.com,True
Wagner83f4e,Kristin Wagner,Kristin,Wagner,19970129,66045343,Kristin_Wagner@clayton.com,True
Rodriguez3b414,Kathleen Rodriguez,Kathleen,Rodriguez,19671005,65397891,Kathleen_Rodriguez@frost-james.com,True
Sheaabeb3,Nicole Shea,Nicole,Shea,19560102,28795599,Nicole_Shea@mcclure.com,True
Smithc7677,Patty Smith,Patty,Smith,19750827,59428759,Patty_Smith@ross.com,True
Wang04168,Sean Wang DDS,Sean,Wang,19600311,25595367,Sean_Wang@gibson-calderon.com,True
Estrada0bf5b,Richard Estrada,Richard,Estrada,19921015,22821527,Richard_Estrada@malone.com,True
Cline825fb,Jackson Cline,Jackson,Cline,19710121,48056519,Jackson_Cline@hudson.net,True
Williams3e726,Allen Williams,Allen,Williams,19971109,77991519,Allen_Williams@sanchez.net,True
Flores8a42c,Eric Flores,Eric,Flores,19820701,36641663,Eric_Flores@dillon-patterson.com,True
Richardsonef158,Anna Richardson,Anna,Richardson,19670223,64083047,Anna_Richardson@perry.com,True
Smith9625b,Benjamin Smith,Benjamin,Smith,19871223,95835639,Benjamin_Smith@christian-contreras.com,True
Gomez876bf,Taylor Gomez,Taylor,Gomez,19821022,24007567,Taylor_Gomez@johnston.com,True
Rodriguez93ac7,Jeremy Rodriguez,Jeremy,Rodriguez,19780828,32567967,Jeremy_Rodriguez@roth.com,True
Garcia26b55,April Garcia,April,Garcia,19871231,24650447,April_Garcia@hall.com,True
Garza40199,Sharon Garza,Sharon,Garza,20020830,59411567,Sharon_Garza@duran.com,True
Sanchez364a7,Lori Sanchez,Lori,Sanchez,19980420,76989167,Lori_Sanchez@hardin-warner.net,True
Reed3bc34,Joseph Reed,Joseph,Reed,19511220,18798163,Joseph_Reed@kelley.com,True
Armstronge2fb8,Jason Armstrong,Jason,Armstrong,19921116,68514503,Jason_Armstrong@curtis.com,True
Allison0c21b,Jessica Allison,Jessica,Allison,19721030,66821135,Jessica_Allison@harper.com,True
Hallb302a,Arthur Hall MD,Arthur,Hall,19941103,65493407,Arthur_Hall@gonzalez.com,True
Mezaaf7be,Sherry Meza,Sherry,Meza,19970904,33491119,Sherry_Meza@west.com,True
Turner0303a,Matthew Turner,Matthew,Turner,19940707,73291455,Matthew_Turner@martinez.com,True
Bauer18f68,Jeffrey Bauer,Jeffrey,Bauer,19660813,51154803,Jeffrey_Bauer@garza.com,True
Randolph76c7a,Sophia Randolph,Sophia,Randolph,19500807,94510479,Sophia_Randolph@leonard-ramirez.com,True
Matthews2a414,Marissa Matthews,Marissa,Matthews,19720221,20636447,Marissa_Matthews@graves.com,True
Thompson16040,Dr. Samuel Thompson,Samuel,Thompson,19840403,99063183,Samuel_Thompson@sanchez-carroll.com,True
Lee76cce,Zachary Lee,Zachary,Lee,19870704,36447751,Zachary_Lee@smith.com,True
Pittman44c4d,Kara Pittman,Kara,Pittman,19680525,80502567,Kara_Pittman@gomez-vaughn.com,True
Ruiz1546f,Charles Ruiz,Charles,Ruiz,19680113,85158255,Charles_Ruiz@sullivan-jones.com,True
Shaw45468,Rachel Shaw,Rachel,Shaw,19581223,66511687,Rachel_Shaw@stevenson-martinez.com,True
Millerd11a8,James Miller,James,Miller,19710831,64917031,James_Miller@nguyen.com,True
Anthonyebd30,Gabriella Anthony,Gabriella,Anthony,19970106,89108943,Gabriella_Anthony@castro.com,True
Cantrellb19eb,Misty Cantrell,Misty,Cantrell,19570303,79619831,Misty_Cantrell@flores-decker.com,True
Guerrerod55cb,Kelly Guerrero,Kelly,Guerrero,19970203,53052583,Kelly_Guerrero@riggs.com,True
Nichols9226a,David Nichols,David,Nichols,19620819,62269575,David_Nichols@rocha.com,True
Galloway1a4d2,Shawn Galloway,Shawn,Galloway,19850419,17471367,Shawn_Galloway@johnston.com,True
Salazar88b5f,Fernando Salazar,Fernando,Salazar,19720419,71192443,Fernando_Salazar@humphrey.com,True
Sanfordc7e24,Dennis Sanford,Dennis,Sanford,19800806,88084407,Dennis_Sanford@lopez-archer.com,True
Murphy0851c,Amanda Murphy,Amanda,Murphy,20000730,30501351,Amanda_Murphy@bright-gibbs.net,True
Martin35f44,Bobby Martin,Bobby,Martin,20000331,43871143,Bobby_Martin@jackson.com,True
Jones3cea3,Lauren Jones,Lauren,Jones,19870724,96512831,Lauren_Jones@castaneda.com,True
Bishopb0506,Vernon Bishop,Vernon,Bishop,19730710,78396487,Vernon_Bishop@clark-larson.com,True
Meyers2871d,Phillip Meyers,Phillip,Meyers,19601022,95409119,Phillip_Meyers@mcneil-williams.com,True
Stricklandc13f0,Jeremy Strickland,Jeremy,Strickland,19501223,20151487,Jeremy_Strickland@adkins.com,True
Martin6f48d,Robert Martin,Robert,Martin,19500718,78547615,Robert_Martin@crawford.com,True
Davis7d08d,Marc Davis,Marc,Davis,19800520,96597403,Marc_Davis@harris.com,True
Taylor4fbc5,William Taylor,William,Taylor,19860131,42996791,William_Taylor@warner-morgan.net,True
Pierce133dc,Alyssa Pierce,Alyssa,Pierce,19680516,95839991,Alyssa_Pierce@ruiz.com,True
Bradybd431,Michael Brady,Michael,Brady,19500323,65342263,Michael_Brady@wells-sanders.com,True
Rhodesdf266,James Rhodes,James,Rhodes,19771010,27465295,James_Rhodes@green.com,True
Ramirez5ff32,Ryan Ramirez,Ryan,Ramirez,19850425,67907071,Ryan_Ramirez@pham.com,True
Thompson52cd0,Stephen Thompson,Stephen,Thompson,19511112,75033031,Stephen_Thompson@hess.com,True
Williams446e0,Susan Williams,Susan,Williams,19760512,95688383,Susan_Williams@rowland.com,True
Aguilarad5a0,Nancy Aguilar,Nancy,Aguilar,19950811,97516423,Nancy_Aguilar@lane.com,True
Williamsb7835,Jessica Williams,Jessica,Williams,19730824,26472931,Jessica_Williams@thomas-martin.com,True
Johnsond53b7,Dylan Johnson,Dylan,Johnson,19960107,52048815,Dylan_Johnson@montgomery.com,True
King01148,Pamela King,Pamela,King,19930929,72515095,Pamela_King@soto.net,True
Smith634dd,Robert Smith,Robert,Smith,19870424,76366335,Robert_Smith@joyce.com,True
Gonzalez31e9a,Samantha Gonzalez,Samantha,Gonzalez,19980829,40456647,Samantha_Gonzalez@rios-fletcher.com,True
Pierce68d7c,Terry Pierce,Terry,Pierce,19640910,91518459,Terry_Pierce@warner-reyes.com,True
Walkerba5b7,Jeffery Walker,Jeffery,Walker,19560624,46574799,Jeffery_Walker@watson.com,True
Alvarez7bc5d,Todd Alvarez,Todd,Alvarez,19741125,42011263,Todd_Alvarez@vaughn.com,True
Willisd0046,Brett Willis,Brett,Willis,19610908,86342007,Brett_Willis@gibbs.com,True
Klein43163,Louis Klein,Louis,Klein,19651220,33671863,Louis_Klein@phillips-allen.com,True
Wilkins48a0a,Kristin Wilkins,Kristin,Wilkins,20020511,84393855,Kristin_Wilkins@harvey.com,True
Lynch49515,Joshua Lynch,Joshua,Lynch,19650526,71572839,Joshua_Lynch@daniels.com,True
Williamse69d3,Deborah Williams,Deborah,Williams,19841121,11357647,Deborah_Williams@howard.com,True
Martin0575d,Timothy Martin,Timothy,Martin,20030105,92008191,Timothy_Martin@camacho-sparks.net,True
Bright776f9,Sarah Bright,Sarah,Bright,19981115,24327743,Sarah_Bright@winters.com,True
Anderson48071,Rebecca Anderson,Rebecca,Anderson,19730827,27023231,Rebecca_Anderson@carter-ramirez.com,True
Frost5ba4a,Roger Frost,Roger,Frost,19700217,94120431,Roger_Frost@cole-robinson.com,True
Dunn8edbe,Toni Dunn,Toni,Dunn,19800831,89674459,Toni_Dunn@chapman.com,True
Dunnae8e6,Eric Dunn,Eric,Dunn,19600712,13714207,Eric_Dunn@reese.com,True
Pierce1096d,Heather Pierce,Heather,Pierce,19570813,32413999,Heather_Pierce@williams-edwards.com,True
Erickson6b984,Jordan Erickson,Jordan,Erickson,19750802,64756655,Jordan_Erickson@martinez.com,True
Alif361f,Susan Ali,Susan,Ali,19990105,74229143,Susan_Ali@leach.com,True
Wilsonf0626,Richard Wilson,Richard,Wilson,19990703,36349175,Richard_Wilson@hernandez.com,True
Butlera60e8,Jon Butler,Jon,Butler,19870318,78121695,Jon_Butler@blackwell.com,True
Phillips01acd,Paul Phillips,Paul,Phillips,19970216,11213063,Paul_Phillips@vance.com,True
Parker5ebc0,Adam Parker,Adam,Parker,19980722,27783391,Adam_Parker@yoder.com,True
Walkera21be,Cory Walker,Cory,Walker,19621208,37614935,Cory_Walker@torres.net,True
Sanchezcf3c9,Jeffrey Sanchez,Jeffrey,Sanchez,19950914,73226919,Jeffrey_Sanchez@jones-butler.com,True
Martin7bf56,Bianca Martin,Bianca,Martin,19780205,86924127,Bianca_Martin@mitchell.com,True
King2f8a4,Jeffrey King,Jeffrey,King,19770623,68622991,Jeffrey_King@hicks-boyd.com,True
Mcdanielab5b4,Shelly Mcdaniel,Shelly,Mcdaniel,19951028,86599403,Shelly_Mcdaniel@little.com,True
Wigginsc46e0,Melanie Wiggins,Melanie,Wiggins,20000214,91699615,Melanie_Wiggins@mcdonald-rice.com,True
Smithe0b77,Mr. Daniel Smith,Daniel,Smith,19860308,26613823,Daniel_Smith@cummings.com,True
Smith216c5,Christopher Smith,Christopher,Smith,19810707,42594715,Christopher_Smith@lamb.com,True
Love95197,Marc Love,Marc,Love,19550722,96796419,Marc_Love@martin.com,True
Lawrencefbccd,Scott Lawrence,Scott,Lawrence,19760104,59217375,Scott_Lawrence@aguilar.com,True
Sosa8de3e,James Sosa,James,Sosa,19571108,47053447,James_Sosa@robles-hawkins.com,True
Jacksonb5943,Jamie Jackson,Jamie,Jackson,19770526,71512687,Jamie_Jackson@carr.com,True
Hatfieldbf691,Jeffrey Hatfield,Jeffrey,Hatfield,19701014,69441735,Jeffrey_Hatfield@morgan-erickson.com,True
Phillipsc68d2,James Phillips,James,Phillips,19611019,89808183,James_Phillips@green-taylor.com,True
Moore6e3b7,Jessica Moore,Jessica,Moore,19990509,27155335,Jessica_Moore@harrison-bautista.com,True
Peters6955e,Debra Peters,Debra,Peters,19820804,69115179,Debra_Peters@smith.com,True
Anderson6c12a,Richard Anderson,Richard,Anderson,19700405,24730327,Richard_Anderson@peck-franklin.com,True
Hahn38908,Lauren Hahn,Lauren,Hahn,19720620,15132727,Lauren_Hahn@simmons.com,True
Pereza30c9,Joseph Perez,Joseph,Perez,19740909,61876187,Joseph_Perez@ryan.com,True
Edwards96edd,Faith Edwards,Faith,Edwards,19770726,44653063,Faith_Edwards@price.net,True
Vargas0365e,Laura Vargas,Laura,Vargas,19771009,40816943,Laura_Vargas@gallagher-young.com,True
Lewisf236b,Sarah Lewis,Sarah,Lewis,19810225,37945839,Sarah_Lewis@wyatt.com,True
Huff88806,Brad Huff,Brad,Huff,19611227,28207575,Brad_Huff@moore.com,True
Sancheza1536,Thomas Sanchez,Thomas,Sanchez,19570914,23994083,Thomas_Sanchez@cunningham-reid.net,True
Richardsone102e,Alexander Richardson,Alexander,Richardson,19581025,34675335,Alexander_Richardson@perez.com,True
Moore4788f,Matthew Moore,Matthew,Moore,20030707,66391671,Matthew_Moore@nichols.com,True
Howard99bdb,Joseph Howard,Joseph,Howard,19520726,46746383,Joseph_Howard@williams.com,True
Phillips3268f,Jacqueline Phillips,Jacqueline,Phillips,19880118,55793915,Jacqueline_Phillips@larson.com,True
Richards9e514,Anne Richards,Anne,Richards,19690906,84963423,Anne_Richards@mccarthy.com,True
Thomasa6b2a,Derek Thomas,Derek,Thomas,19640724,37329863,Derek_Thomas@green.com,True
Bonilla07c60,Joseph Bonilla,Joseph,Bonilla,19740508,66912183,Joseph_Bonilla@freeman.com,True
Barber8e448,Gary Barber,Gary,Barber,19551112,44790343,Gary_Barber@roberts.net,True
Johnson01409,Brian Johnson,Brian,Johnson,19810617,76631695,Brian_Johnson@carr.com,True
Petersond3043,Christine Peterson,Christine,Peterson,19741119,57627175,Christine_Peterson@hamilton.com,True
Bautistaf2b74,Christopher Bautista,Christopher,Bautista,19941202,48834663,Christopher_Bautista@rodgers.com,True
Kruegerf41b0,Barbara Krueger,Barbara,Krueger,19520322,30905343,Barbara_Krueger@strong.com,True
Oconnorefac7,Monica Oconnor,Monica,Oconnor,19800701,97887295,Monica_Oconnor@gordon.com,True
Johnson317e0,Peggy Johnson,Peggy,Johnson,19720328,34795631,Peggy_Johnson@berg.com,True
Herrera2275e,Susan Herrera,Susan,Herrera,19550826,24027735,Susan_Herrera@gomez.com,True
Matthews33105,Andrew Matthews,Andrew,Matthews,19880219,90821359,Andrew_Matthews@ramos-vaughn.com,True
Kennedye1e07,Erin Kennedy,Erin,Kennedy,19650109,35865639,Erin_Kennedy@hendricks-mason.com,True
Lopezad64b,Jason Lopez,Jason,Lopez,19740830,11287127,Jason_Lopez@wood-hill.com,True
Clark850e2,Jerry Clark,Jerry,Clark,19950928,46859655,Jerry_Clark@perez.com,True
Kimbc531,Alyssa Kim,Alyssa,Kim,19900811,59732335,Alyssa_Kim@beck-zuniga.com,True
Williams225d6,Courtney Williams,Courtney,Williams,19990919,27598999,Courtney_Williams@garner.com,True
Haynesd74e4,Kevin Haynes,Kevin,Haynes,19690624,75433787,Kevin_Haynes@jones.com,True
Hicksc3ab0,John Hicks,John,Hicks,19530912,95395487,John_Hicks@weber.com,True
Kennedyb93e8,Eric Kennedy,Eric,Kennedy,19990522,77994331,Eric_Kennedy@mcdonald.com,True
Nelson49b51,Matthew Nelson,Matthew,Nelson,19580127,45515247,Matthew_Nelson@hunt.com,True
Glover9a700,Carolyn Glover,Carolyn,Glover,19790714,87832791,Carolyn_Glover@walker.com,True
Moorebd6b1,Robert Moore,Robert,Moore,19550415,19512199,Robert_Moore@young.com,True
Mcgee84007,Nicole Mcgee,Nicole,Mcgee,19590303,34539135,Nicole_Mcgee@reyes.com,True
Hunterc76d0,Danielle Hunter,Danielle,Hunter,19710811,99947039,Danielle_Hunter@ballard.com,True
Perez016c7,Kelly Perez,Kelly,Perez,19600519,60614735,Kelly_Perez@ward-wilson.com,True
Odome8796,Mary Odom,Mary,Odom,19630813,98738367,Mary_Odom@morgan-reynolds.com,True
Gibson IIa7c50,Arthur Gibson II,Arthur,Gibson II,19610603,75411807,Arthur_Gibson@thompson-thompson.com,True
Brennanfbe29,Miss Katherine Brennan MD,Katherine,Brennan,19771113,37918255,Katherine_Brennan@garcia.net,True
Miller5a80b,Christopher Miller,Christopher,Miller,19850131,16222031,Christopher_Miller@kelly.com,True
Hopkins7c2f6,Amber Hopkins,Amber,Hopkins,19750831,15289039,Amber_Hopkins@hall.com,True
Lara05622,Christine Lara,Christine,Lara,19590103,77716475,Christine_Lara@barnes-lee.com,True
Garcia76b84,Nancy Garcia,Nancy,Garcia,19680305,62971303,Nancy_Garcia@lewis-hayden.com,True
Rhodesa5121,Alex Rhodes,Alex,Rhodes,19780913,75808519,Alex_Rhodes@russell.net,True
Bennett1ed65,Daniel Bennett,Daniel,Bennett,19730228,20776023,Daniel_Bennett@stephens-oneill.com,True
Woodard0dee6,Kevin Woodard,Kevin,Woodard,19550809,30319911,Kevin_Woodard@lynch.com,True
Wheeler62b5f,Todd Wheeler,Todd,Wheeler,19960904,50356375,Todd_Wheeler@woods.com,True
Woods5e5f2,Linda Woods,Linda,Woods,19611127,81195711,Linda_Woods@diaz.com,True
Peterson9e709,Alan Peterson,Alan,Peterson,19760129,88993663,Alan_Peterson@burch.com,True
Grant46694,Jacob Grant,Jacob,Grant,19911204,94196575,Jacob_Grant@cummings.com,True
Johnsonfcba1,Gabrielle Johnson,Gabrielle,Johnson,19581006,35424207,Gabrielle_Johnson@serrano.com,True
Howard45839,Anne Howard,Anne,Howard,19690610,35198251,Anne_Howard@rowe.com,True
Morales0598c,Caleb Morales,Caleb,Morales,19660329,69459679,Caleb_Morales@collins.com,True
Domingueze2663,James Dominguez,James,Dominguez,19881205,49527207,James_Dominguez@black.com,True
Cardenas35ae4,Kathryn Cardenas,Kathryn,Cardenas,19830508,81016239,Kathryn_Cardenas@skinner.com,True
Santiago5cbec,Jeffrey Santiago,Jeffrey,Santiago,19750228,93827623,Jeffrey_Santiago@duncan.com,True
Mclaughlinb2423,Andrew Mclaughlin,Andrew,Mclaughlin,19730514,66417719,Andrew_Mclaughlin@fitzpatrick-lucas.com,True
Portere9e42,Mr. Bryan Porter,Bryan,Porter,19570214,88089671,Bryan_Porter@elliott.com,True
Smith750a9,Brendan Smith,Brendan,Smith,19580516,67839775,Brendan_Smith@williams.com,True
Wilson09540,Amy Wilson,Amy,Wilson,19740412,64392323,Amy_Wilson@cortez.net,True
Clarkf30a3,David Clark,David,Clark,19850801,44834223,David_Clark@fleming.com,True
Josephf0dcb,Erika Joseph,Erika,Joseph,19810303,51075039,Erika_Joseph@romero.com,True
Hernandezf3251,Jeffrey Hernandez,Jeffrey,Hernandez,19891231,76263607,Jeffrey_Hernandez@mcdaniel.com,True
Miller375ad,Michael Miller,Michael,Miller,19640520,17581687,Michael_Miller@taylor-moore.com,True
Newman069d1,Theresa Newman,Theresa,Newman,19941129,36575799,Theresa_Newman@perry-scott.com,True
Romero7ffde,Paul Romero,Paul,Romero,19601007,98843943,Paul_Romero@middleton-jones.com,True
Ramirez04ceb,Kathleen Ramirez,Kathleen,Ramirez,19550829,40351711,Kathleen_Ramirez@banks-wright.com,True
Choie37de,Janet Choi MD,Janet,Choi,19860718,66675695,Janet_Choi@neal.com,True
Benderb8ade,Mark Bender,Mark,Bender,19690911,27354911,Mark_Bender@oneal-wilkins.com,True
Brownb08b0,Abigail Brown,Abigail,Brown,19801008,15726143,Abigail_Brown@jones-underwood.com,True
Dominguez821d7,Antonio Dominguez,Antonio,Dominguez,19801115,75861007,Antonio_Dominguez@nichols.com,True
Morris1057d,Tony Morris,Tony,Morris,19700805,33280551,Tony_Morris@davis.com,True
Carlsond8db2,Randy Carlson,Randy,Carlson,19550530,51211679,Randy_Carlson@rivera.com,True
Pierce7e42c,Mitchell Pierce,Mitchell,Pierce,20010824,96845551,Mitchell_Pierce@houston-conway.net,True
West0afba,Angela West,Angela,West,19810427,59397207,Angela_West@anderson-fitzgerald.com,True
Lyons5c73e,Sherry Lyons,Sherry,Lyons,19980902,47672835,Sherry_Lyons@carson-copeland.com,True
Butlerc810e,Jennifer Butler,Jennifer,Butler,19511118,16079075,Jennifer_Butler@arellano-morris.com,True
Petersc9aea,Kevin Peters,Kevin,Peters,19670206,28855487,Kevin_Peters@edwards.com,True
Conwayb14b9,Benjamin Conway,Benjamin,Conway,19551228,23338319,Benjamin_Conway@burton-paul.com,True
Mccarty6f29c,Noah Mccarty,Noah,Mccarty,19650620,64718427,Noah_Mccarty@rios-oneill.com,True
Stewart5a9fe,Andrew Stewart,Andrew,Stewart,19510212,19799879,Andrew_Stewart@wong.com,True
Jonese27fe,Brenda Jones,Brenda,Jones,19550804,62608823,Brenda_Jones@lang.com,True
Shannon6484d,Jerry Shannon,Jerry,Shannon,19510505,86239787,Jerry_Shannon@sweeney-gibbs.com,True
Brown75572,Blake Brown,Blake,Brown,19570615,34835327,Blake_Brown@george-kelly.net,True
Bowers29d22,Michael Bowers,Michael,Bowers,20020903,70074031,Michael_Bowers@klein-barry.com,True
Bailey5c8a5,Elizabeth Bailey,Elizabeth,Bailey,19630101,20218071,Elizabeth_Bailey@stephenson-arnold.com,True
Cruza17c6,James Cruz,James,Cruz,19500730,18758595,James_Cruz@bender-harris.com,True
Levyb4299,Kelly Levy,Kelly,Levy,19940508,74468255,Kelly_Levy@barajas.com,True
Burtone624b,Thomas Burton,Thomas,Burton,19750419,14613071,Thomas_Burton@dunn-avery.net,True
Garciaea09c,Kimberly Garcia,Kimberly,Garcia,19630801,41397407,Kimberly_Garcia@tapia.com,True
Petersonc41f4,Paul Peterson,Paul,Peterson,20021225,59148863,Paul_Peterson@bullock.com,True
Reilly1c829,Michael Reilly,Michael,Reilly,19720514,33876967,Michael_Reilly@cooper.net,True
Martinezd6f6b,Alejandra Martinez,Alejandra,Martinez,19791221,87381327,Alejandra_Martinez@jones.com,True
Sanderse813f,Timothy Sanders,Timothy,Sanders,19521003,63453583,Timothy_Sanders@harrell.com,True
Littlec16bd,Latoya Little,Latoya,Little,19780807,43404335,Latoya_Little@martinez.com,True
Harvey119d2,Sarah Harvey,Sarah,Harvey,19600331,58520471,Sarah_Harvey@martin-smith.com,True
Hansendf29c,Aaron Hansen,Aaron,Hansen,19980128,51639887,Aaron_Hansen@mckinney.com,True
Ortiz84be0,Melissa Ortiz,Melissa,Ortiz,19580729,49637727,Melissa_Ortiz@lee-malone.com,True
Hernandezbcb5b,Brooke Hernandez,Brooke,Hernandez,19911114,97309975,Brooke_Hernandez@benitez.com,True
Livingston19295,Lisa Livingston,Lisa,Livingston,19500423,20519415,Lisa_Livingston@glover.com,True
Mason6bc9b,Eugene Mason,Eugene,Mason,19781213,47810855,Eugene_Mason@gardner.com,True
Cunningham12799,Daniel Cunningham,Daniel,Cunningham,19730326,78657983,Daniel_Cunningham@cooper.com,True
Smith894dd,Alex Smith,Alex,Smith,20020503,58965703,Alex_Smith@johnson.com,True
Jennings18c5d,Charles Jennings,Charles,Jennings,19750714,70913863,Charles_Jennings@cochran.net,True
Vargased53f,Jessica Vargas,Jessica,Vargas,19810517,48925903,Jessica_Vargas@miller-price.net,True
Clark92a9e,Olivia Clark,Olivia,Clark,19741001,67793735,Olivia_Clark@wade-roberson.com,True
Allen3a518,Ricky Allen,Ricky,Allen,19610619,61433467,Ricky_Allen@roberts-mendoza.com,True
Carney0d73a,Cathy Carney,Cathy,Carney,19970522,31104151,Cathy_Carney@williams.net,True
Spencerc60e6,Ashley Spencer,Ashley,Spencer,19910126,68555775,Ashley_Spencer@anderson.com,True
Stricklandc68d2,Victoria Strickland,Victoria,Strickland,19530730,31595971,Victoria_Strickland@mccarthy-stewart.com,True
Smith5b12e,Patrick Smith,Patrick,Smith,19720129,76398335,Patrick_Smith@molina.net,True
West15f40,Samuel West,Samuel,West,20020627,50354899,Samuel_West@johnson-ryan.net,True
Baldwinb3439,Haley Baldwin,Haley,Baldwin,19650413,31940631,Haley_Baldwin@bush-wolfe.com,True
Wilson51998,Alexander Wilson,Alexander,Wilson,19881111,13893319,Alexander_Wilson@barron-garcia.com,True
Cole2b0a2,April Cole,April,Cole,19610622,65186503,April_Cole@vargas.com,True
Riley3e1f8,Holly Riley,Holly,Riley,19740728,55620431,Holly_Riley@stokes.com,True
Poole23f28,Jeffrey Poole,Jeffrey,Poole,19570204,82077439,Jeffrey_Poole@cross.com,True
Poolec5b79,Rachel Poole,Rachel,Poole,19760708,35095087,Rachel_Poole@jones.net,True
Ward57d0c,Sheena Ward,Sheena,Ward,19730926,96834175,Sheena_Ward@wilson-mcbride.com,True
Smith9f8dc,Cynthia Smith,Cynthia,Smith,19510905,48760255,Cynthia_Smith@smith.com,True
Clayton7f5be,Kevin Clayton,Kevin,Clayton,19750708,25081071,Kevin_Clayton@miller.com,True
Smith774d5,Deanna Smith,Deanna,Smith,19510416,50395271,Deanna_Smith@cooke.com,True
Colemandb259,Sarah Coleman,Sarah,Coleman,19500119,37411775,Sarah_Coleman@novak.com,True
Butler19820,Kurt Butler,Kurt,Butler,19640621,43394675,Kurt_Butler@taylor.net,True
Beckerdd317,Cody Becker,Cody,Becker,19601216,76003567,Cody_Becker@hansen.com,True
Miller4ae09,Miss Molly Miller,Molly,Miller,19771105,99947663,Molly_Miller@king-kelly.net,True
Baileyfac5d,Craig Bailey,Craig,Bailey,19970713,33032303,Craig_Bailey@hancock-brown.com,True
Gray00c0a,Patricia Gray,Patricia,Gray,19660319,18281751,Patricia_Gray@dawson.com,True
Rivera6a7ce,Robert Rivera DVM,Robert,Rivera,19500722,35020847,Robert_Rivera@gibson.com,True
Lewisafe1c,Miss Michelle Lewis,Michelle,Lewis,19830121,64700455,Michelle_Lewis@wiggins-thornton.com,True
Owens4cd37,John Owens,John,Owens,19670424,71230983,John_Owens@callahan.com,True
Smith313dd,Sarah Smith,Sarah,Smith,19680804,22702359,Sarah_Smith@kirk.com,True
Lucas94653,Nancy Lucas,Nancy,Lucas,19830706,91477863,Nancy_Lucas@aguilar.com,True
Murraya46c7,Christina Murray,Christina,Murray,19791217,35027583,Christina_Murray@collins-day.com,True
Berryc02ad,Emma Berry,Emma,Berry,19940107,34612959,Emma_Berry@charles.com,True
Gross2742d,Christopher Gross,Christopher,Gross,20031114,49217831,Christopher_Gross@grimes.net,True
Hawkins8aa4f,Jason Hawkins,Jason,Hawkins,19541001,31750255,Jason_Hawkins@adams-hunter.com,True
Rodriguez84bf3,Jeffrey Rodriguez,Jeffrey,Rodriguez,19690718,29947599,Jeffrey_Rodriguez@johnson-white.com,True
Miller84bb3,Christina Miller,Christina,Miller,19530425,92153503,Christina_Miller@marshall-lucas.com,True
Miller208dd,Maria Miller,Maria,Miller,19941221,86317751,Maria_Miller@roberts.com,True
Davis3a81f,Eileen Davis,Eileen,Davis,19520404,19544735,Eileen_Davis@knox.com,True
Kelley336ba,John Kelley,John,Kelley,19960928,99919107,John_Kelley@george-barker.com,True
Miller4e2a7,Harry Miller,Harry,Miller,19890613,63478047,Harry_Miller@warner-jackson.com,True
Montes29eaa,Ellen Montes,Ellen,Montes,19610714,16519759,Ellen_Montes@sellers.com,True
Mclean3b78d,Gregory Mclean,Gregory,Mclean,19610801,38860951,Gregory_Mclean@valencia.com,True
Spencer071ed,Angela Spencer,Angela,Spencer,19980502,18410783,Angela_Spencer@lopez.com,True
Pricefb35b,Christina Price,Christina,Price,19860508,65381695,Christina_Price@kennedy-tran.com,True
Morris05ed3,Michael Morris,Michael,Morris,19790924,62959695,Michael_Morris@nelson.net,True
Randallfe7f8,Amber Randall,Amber,Randall,19520910,60506343,Amber_Randall@boyd-freeman.net,True
Morrisf9657,Matthew Morris,Matthew,Morris,19981111,49822607,Matthew_Morris@boyle-novak.com,True
Blackburn0c5fb,Cindy Blackburn,Cindy,Blackburn,20001008,86098071,Cindy_Blackburn@bolton.net,True
Jacobson496c2,Matthew Jacobson,Matthew,Jacobson,19510412,99110191,Matthew_Jacobson@bishop-thomas.com,True
Jonesc6f5d,Stacy Jones,Stacy,Jones,19940909,71998399,Stacy_Jones@perez.com,True
Zimmerman881d6,Scott Zimmerman,Scott,Zimmerman,19560130,70071511,Scott_Zimmerman@fischer.com,True
Silvafff90,Dakota Silva,Dakota,Silva,19790710,41853599,Dakota_Silva@barker-miller.com,True
Spencerd5b01,Jacob Spencer MD,Jacob,Spencer,19620226,41992359,Jacob_Spencer@jefferson.net,True
Hudson9d670,Barbara Hudson,Barbara,Hudson,19971028,33194551,Barbara_Hudson@robinson-jones.com,True
Petersonc30b8,Sherry Peterson,Sherry,Peterson,19691126,91916671,Sherry_Peterson@dillon-barber.com,True
Bird86853,Austin Bird,Austin,Bird,19760515,53713179,Austin_Bird@young-stout.com,True
Oliver94edc,Matthew Oliver,Matthew,Oliver,19720423,14016935,Matthew_Oliver@mitchell.com,True
Maddox6974f,Roger Maddox,Roger,Maddox,19810426,86988519,Roger_Maddox@richards.com,True
Higginsbc84f,Kristin Higgins,Kristin,Higgins,19981219,58071267,Kristin_Higgins@leonard.com,True
Johnsone0381,Gilbert Johnson,Gilbert,Johnson,19850923,97191811,Gilbert_Johnson@jones.com,True
Gutierrezc61e8,Bryan Gutierrez,Bryan,Gutierrez,19881118,84795039,Bryan_Gutierrez@short-huerta.net,True
Schultz5fff4,Peter Schultz,Peter,Schultz,19570829,78301895,Peter_Schultz@shah.com,True
Smith473c4,Karen Smith MD,Karen,Smith,19630505,91036383,Karen_Smith@washington.com,True
Burkea32e6,Justin Burke,Justin,Burke,19960212,43401655,Justin_Burke@johnson.com,True
Ramsey4c3e8,Sarah Ramsey,Sarah,Ramsey,19640622,63376279,Sarah_Ramsey@hayes.com,True
Change27c8,Michael Chang,Michael,Chang,19900209,99632783,Michael_Chang@watkins.com,True
Hughesbf91b,Pamela Hughes,Pamela,Hughes,19570116,32117783,Pamela_Hughes@rivas-garza.com,True
Morris25892,Jimmy Morris,Jimmy,Morris,19640120,31836895,Jimmy_Morris@hall-watkins.com,True
Romeroe5750,Lauren Romero,Lauren,Romero,20020425,50100783,Lauren_Romero@davis.com,True
Jones2b07e,Adam Jones,Adam,Jones,19570107,83246639,Adam_Jones@kline-reeves.com,True
Kiddad962,Michelle Kidd,Michelle,Kidd,19500222,80511627,Michelle_Kidd@klein-goodman.com,True
Murphy5dc4e,Matthew Murphy,Matthew,Murphy,19600216,18189831,Matthew_Murphy@graham.com,True
Arroyoa6982,Jessica Arroyo,Jessica,Arroyo,20021019,24971015,Jessica_Arroyo@flores-evans.com,True
Zunigaa2d94,Caleb Zuniga,Caleb,Zuniga,19681028,36180711,Caleb_Zuniga@stone.net,True
Waltondc147,Kenneth Walton,Kenneth,Walton,19950309,93358011,Kenneth_Walton@anderson.com,True
Moreno8048c,Cheyenne Moreno,Cheyenne,Moreno,19600912,61341887,Cheyenne_Moreno@hampton.com,True
Lopez93fe3,Courtney Lopez,Courtney,Lopez,19710810,35323391,Courtney_Lopez@sanders.com,True
Williamson2b72a,Kenneth Williamson,Kenneth,Williamson,19540310,36169599,Kenneth_Williamson@perez.com,True
Armstronge8b45,William Armstrong,William,Armstrong,19641118,25119611,William_Armstrong@richards.net,True
Browning1f631,Bruce Browning,Bruce,Browning,19631113,22984503,Bruce_Browning@robertson-baldwin.com,True
Gilbertcba39,Shannon Gilbert,Shannon,Gilbert,19920613,34472903,Shannon_Gilbert@brown-schaefer.com,True
Browncde99,Amanda Brown,Amanda,Brown,19541218,52400391,Amanda_Brown@williams.com,True
Mitchell31c89,Pedro Mitchell,Pedro,Mitchell,19610927,99595743,Pedro_Mitchell@sims.com,True
Gomez010a6,Riley Gomez,Riley,Gomez,19810211,20838807,Riley_Gomez@hoffman.com,True
Pricee8f96,Shelby Price,Shelby,Price,19860807,74350543,Shelby_Price@fuller.net,True
Harrisfc222,Scott Harris,Scott,Harris,19901214,36307567,Scott_Harris@mullins.com,True
Franklinf8d94,Bonnie Franklin,Bonnie,Franklin,19880714,22008807,Bonnie_Franklin@gillespie.com,True
Morris73a97,Ashley Morris,Ashley,Morris,20021001,13085855,Ashley_Morris@marshall.net,True
Stark91945,Christopher Stark,Christopher,Stark,19710307,94716219,Christopher_Stark@blackwell.com,True
Johnson8fef3,Vanessa Johnson,Vanessa,Johnson,19601019,89236567,Vanessa_Johnson@barber.com,True
Jensen676e2,Jack Jensen,Jack,Jensen,19601229,93571087,Jack_Jensen@kent-williamson.net,True
Armstrongf79a4,Daniel Armstrong,Daniel,Armstrong,19820714,18991247,Daniel_Armstrong@brown.com,True
Donovan6c619,Susan Donovan,Susan,Donovan,19690130,85222335,Susan_Donovan@jordan-anderson.com,True
Serrano1ec7e,Michael Serrano,Michael,Serrano,19820711,12792543,Michael_Serrano@turner-maldonado.com,True
Powell4f74d,Michael Powell,Michael,Powell,19941127,63894311,Michael_Powell@mccall.com,True
Lowe73be1,Alexander Lowe,Alexander,Lowe,19610508,93074023,Alexander_Lowe@morris.com,True
